like_count,share_count,comment_count,url_link_for_opinion
8470,1060,320,https://x.com/search?q=NEET%20paper%20leak:%20Physics%20expert%20says%20no%20prescr
6426,1295,70,https://indianexpress.com/article/delhi/neet-ug-2026-paper-leak-cbi-chargesheet-rouse-avenue-delhi-fast-track-court-nta-10808849/
6934,321,516,https://www.ndtv.com/india-news/neet-ug-2026-paper-leak-memorising-questions-using-chits-how-testing-agency-experts-leaked-neet-paper-11877440
6534,530,508,https://www.ndtv.com/video/neet-ug-paper-leak-cbi-is-investigating-neet-paper-leak-education-minister-dharmendra-pradhan-1111048
7431,1323,180,https://timesofindia.indiatimes.com/india/sc-quashes-firs-against-all-neet-protesters-but-hardened-criminals-to-face-trial-cjp-reacts/articleshow/133679430.cms
2885,969,393,https://timesofindia.indiatimes.com/city/patna/neet-paper-leak-no-evidence-found-against-sanjeev-mukhiya/articleshow/132581866.cms
6811,1005,435,https://www.hindustantimes.com/videos/world-news/neet-row-bombshell-revelation-as-paper-leak-kingpin-arrested-nta-tells-sc-no-telegram-leak-cbi-101720720876594.html
6511,1155,326,https://www.thehindu.com/news/national/status-report-of-probe-in-neet-paper-leak-case-sent-to-centre-says-top-official-of-eou/article68324764.ece
2384,659,363,https://www.livemint.com/news/india/neetug-leak-2026-cbi-chargesheet-claims-paper-setting-done-at-ntas-okhla-building-what-key-evidence-did-agency-find-11786096704480.html
5317,452,524,https://www.livemint.com/news/india/neet-ug-paper-leak-case-cbi-chargesheets-13-accused-delhi-court-to-hear-matter-on-wednesday-11785260074344.html
2282,710,525,https://www.indiatoday.in/education-today/news/story/neet-ug-2026-re-exam-pib-calls-viral-question-paper-leak-claim-fake-2926367-2026-06-14
3947,1175,239,https://www.indiatoday.in/education-today/news/story/neet-2026-paper-leak-exam-cancelled-after-120-questions-matched-2910451-2026-05-12
8301,886,293,https://www.indiatoday.in/education-today/news/story/neet-paper-leak-centre-to-explain-question-paper-security-process-in-supreme-court-on-august-6-2962957-2026-08-04
8175,1354,534,https://indianexpress.com/article/india/neet-paper-leak-cbi-nta-chargesheet-10827136/
5090,846,70,https://indianexpress.com/article/education/nta-search-exam-centres-neet-paper-leak-online-10859874/
4088,366,323,https://indianexpress.com/article/cities/mumbai/at-centre-of-neet-leak-maharashtra-drafts-law-to-rein-in-coaching-centres-10845419/
3635,800,365,https://www.thehindu.com/news/top-news-of-the-day-june-20-2024-bihar-deputy-cm-alleges-tejashwis-close-aide-linked-to-neet-leak-patna-high-court-strikes-down-hike-in-bihars-quota-for-deprived-castes-and-more/article68312515.ece
3261,441,395,https://www.thehindu.com/education/neet-ug-paper-leak-row-exam-to-go-fully-computer-based-from-next-year-says-education-minister-pradhan/article70981929.ece
3812,1097,389,https://www.thehindu.com/videos/neet-leak-row-reaches-supreme-court-plea-seeks-statutory-status-for-nta/article70989848.ece
7435,1155,504,https://www.hindustantimes.com/india-news/delhi-court-flags-criminal-breach-of-trust-by-3-experts-in-neet-ug-paper-leak-101786608531104.html
3756,975,84,https://www.hindustantimes.com/india-news/who-are-3-nta-experts-tied-to-neet-paper-leak-who-abused-position-p-v-kulkarni-manisha-mandhare-havaldar-cbi-chargesheet-101786159370721.html
7549,1304,437,https://bengali.news18.com/videos/national/neet-paper-leak-cbi-2840697.html
4273,1221,439,https://bengali.news18.com/videos/national/neet-paper-leak-cbi-exclusive-18-bangla-news-2839810.html
3813,1329,526,https://indianexpress.com/about/neet/
5998,601,211,https://www.ndtv.com/education/neet
5497,1195,319,https://timesofindia.indiatimes.com/topic/neet
6111,1494,505,https://www.hindustantimes.com/education/competitive-exams/neet
4998,1475,345,https://www.hindustantimes.com/education/competitive-exams
8063,537,102,https://www.indiatoday.in/education-today/news
6087,416,237,https://www.livemint.com/topic/neet
1579,692,90,https://www.thehindu.com/education/
6476,214,114,https://www.news18.com/education-career/
3768,1352,521,https://www.news18.com/topics/neet/
8430,1362,548,https://www.hindustantimes.com/ht-insight/education/
7936,591,468,https://exams.nta.ac.in/NEET/
7632,578,539,https://education.indianexpress.com/
3478,1217,90,https://timesofindia.indiatimes.com/education/news
4299,334,250,https://www.hindustantimes.com/education
7159,979,82,https://indianexpress.com/section/education/
8415,702,456,https://www.thehindu.com/tag/756-1135/neet/
4845,1004,148,https://x.com/search?q=NEET%20UG%202026%20Paper%20Leak%20Highlights:%20Anatomy%20of
